{
    "app-id": "org.citra_emu.citra",
    "runtime": "org.kde.Platform",
    "runtime-version": "6.6",
    "sdk": "org.kde.Sdk",
    "sdk-extensions": [
        "org.freedesktop.Sdk.Extension.llvm17"
    ],
    "command": "citra-launcher",
    "rename-desktop-file": "citra-qt.desktop",
    "rename-icon": "citra",
    "build-options": {
        "env": {
            "CI": "1",
            "GITHUB_ACTIONS": "1",
            "GITHUB_REPOSITORY": "citra-emu/citra-nightly",
            "GITHUB_REF_NAME": "nightly-2104"
        },
        "append-path": "/usr/lib/sdk/llvm17/bin",
        "prepend-ld-library-path": "/usr/lib/sdk/llvm17/lib",
        "cflags": "-Wno-unused-command-line-argument",
        "cxxflags": "-Wno-unused-command-line-argument"
    },
    "finish-args": [
        "--device=all",
        "--socket=x11",
        "--socket=pulseaudio",
        "--share=network",
        "--share=ipc",
        "--filesystem=host:ro",
        "--filesystem=xdg-run/app/com.discordapp.Discord:ro"
    ],
    "cleanup": [
        "/include",
        "/bin/glslangValidator",
        "/bin/glslang",
        "/bin/spirv-*",
        "/bin/sdl2-config",
        "/lib/pkgconfig",
        "/lib/cmake",
        "/share/doc",
        "/share/man",
        "/src",
        "*.a",
        "*.la"
    ],
    "modules": [
        "shared-modules/libusb/libusb.json",
        "shared-modules/SDL2/SDL2-with-libdecor.json",
        {
            "name": "glslang",
            "buildsystem": "cmake-ninja",
            "config-opts": [
                "-DCMAKE_BUILD_TYPE=Release"
            ],
            "sources": [
                {
                    "type": "archive",
                    "url": "https://github.com/KhronosGroup/glslang/archive/14.0.0.tar.gz",
                    "sha256": "80bbb916a23e94ea9cbfb1acb5d1a44a7e0c9613bcf5b5947c03f2273bdc92b0",
                    "x-checker-data": {
                        "type": "anitya",
                        "stable-only": true,
                        "project-id": 205796,
                        "url-template": "https://github.com/KhronosGroup/glslang/archive/$version.tar.gz"
                    }
                },
                {
                    "type": "archive",
                    "url": "https://github.com/KhronosGroup/SPIRV-Tools/archive/refs/tags/sdk-1.3.261.1.tar.gz",
                    "sha256": "ead95c626ad482882a141d1aa0ce47b9453871f72c42c0b28d39c82f60a52008",
                    "dest": "External/spirv-tools",
                    "x-checker-data": {
                        "type": "anitya",
                        "stable-only": true,
                        "project-id": 334920,
                        "url-template": "https://github.com/KhronosGroup/SPIRV-Tools/archive/refs/tags/sdk-$version.tar.gz"
                    }
                },
                {
                    "type": "archive",
                    "url": "https://github.com/KhronosGroup/SPIRV-Headers/archive/refs/tags/sdk-1.3.261.1.tar.gz",
                    "sha256": "32b4c6ae6a2fa9b56c2c17233c8056da47e331f76e117729925825ea3e77a739",
                    "dest": "External/spirv-tools/external/spirv-headers",
                    "x-checker-data": {
                        "type": "anitya",
                        "stable-only": true,
                        "project-id": 334920,
                        "url-template": "https://github.com/KhronosGroup/SPIRV-Headers/archive/refs/tags/sdk-$version.tar.gz"
                    }
                }
            ]
        },
        {
            "name": "rapidjson",
            "buildsystem": "cmake-ninja",
            "config-opts": [
                "-DCMAKE_BUILD_TYPE=Release",
                "-DRAPIDJSON_ENABLE_INSTRUMENTATION_OPT=OFF",
                "-DRAPIDJSON_BUILD_DOC=OFF",
                "-DRAPIDJSON_BUILD_EXAMPLES=OFF",
                "-DRAPIDJSON_BUILD_TESTS=OFF",
                "-DCMAKE_INTERPROCEDURAL_OPTIMIZATION=ON"
            ],
            "sources": [
                {
                    "type": "archive",
                    "url": "https://github.com/Tencent/rapidjson/archive/v1.1.0.tar.gz",
                    "sha256": "bf7ced29704a1e696fbccf2a2b4ea068e7774fa37f6d7dd4039d0787f8bed98e",
                    "x-checker-data": {
                        "type": "anitya",
                        "stable-only": true,
                        "project-id": 7422,
                        "url-template": "https://github.com/Tencent/rapidjson/archive/v$version.tar.gz"
                    }
                }
            ]
        },
        {
            "name": "citra",
            "buildsystem": "cmake-ninja",
            "builddir": true,
            "config-opts": [
                "-DCMAKE_BUILD_TYPE=Release",
                "-DCMAKE_C_COMPILER=clang",
                "-DCMAKE_CXX_COMPILER=clang++",
                "-DCMAKE_LINKER=lld",
                "-DENABLE_QT_TRANSLATION=ON",
                "-DCITRA_ENABLE_COMPATIBILITY_REPORTING=ON",
                "-DUSE_DISCORD_PRESENCE=ON",
                "-DENABLE_COMPATIBILITY_LIST_DOWNLOAD=OFF",
                "-DUSE_SYSTEM_SDL2=ON"
            ],
            "cleanup": [
                "/share/man",
                "/share/pixmaps"
            ],
            "post-install": [
                "install -Dm755 ../citra-launcher.sh /app/bin/citra-launcher",
                "install -Dm644 ../org.citra_emu.citra.metainfo.xml /app/share/appdata/org.citra_emu.citra.metainfo.xml",
                "desktop-file-install --dir=/app/share/applications ../dist/citra-qt.desktop",
                "desktop-file-edit --set-key StartupWMClass --set-value citra-qt --set-key Exec --set-value citra-launcher /app/share/applications/citra-qt.desktop",
                "install -Dm644 ../org.citra_emu.citra.svg /app/share/icons/hicolor/scalable/apps/citra.svg",
                "install -Dm644 ../dist/icon.png /app/share/icons/hicolor/512x512/apps/citra.png",
                "mv /app/share/mime/packages/citra.xml /app/share/mime/packages/org.citra_emu.citra.xml",
                "sed 's/citra/org.citra_emu.citra/g' -i /app/share/mime/packages/org.citra_emu.citra.xml"
            ],
            "sources": [
                {
                    "type": "archive",
                    "url": "https://github.com/citra-emu/citra-nightly/releases/download/nightly-2104/citra-unified-source-20240303-0ff3440.tar.xz",
                    "sha256": "cb349e15d2982c878de35a2aaa6e6d97ac5882a57ec268721b0ddb012f1744ab",
                    "x-checker-data": {
                        "type": "json",
                        "url": "https://api.github.com/repos/citra-emu/citra-nightly/releases/latest",
                        "version-query": ".tag_name",
                        "url-query": ".assets[] | .browser_download_url | match(\"https://.+citra-unified-source-.+.xz$\") | .string",
                        "is-main-source": true
                    }
                },
                {
                    "type": "file",
                    "path": "org.citra_emu.citra.metainfo.xml"
                },
                {
                    "type": "file",
                    "path": "org.citra_emu.citra.svg"
                },
                {
                    "type": "file",
                    "path": "citra-launcher.sh"
                }
            ]
        }
    ]
}
