<?xml version="1.0" encoding="UTF-8"?>
<component type="desktop-application">
  <id>org.citra_emu.citra</id>
  <name>Citra</name>
  <summary>Nintendo 3DS emulator</summary>
  <metadata_license>CC0-1.0</metadata_license>
  <project_license>GPL-2.0</project_license>
  <content_rating type="oars-1.0">
    <content_attribute id="social-chat">moderate</content_attribute>
  </content_rating>
  <description>
    <p>Citra is an experimental open-source Nintendo 3DS emulator/debugger written in C++. It is written with portability in mind, with builds actively maintained for Windows, Linux and macOS.</p>
    <p>Citra emulates a subset of 3DS hardware and therefore is useful for running/debugging homebrew applications, and it is also able to run many commercial games! Some of these do not run at a playable state, but we are working every day to advance the project forward. (Playable here means compatibility of at least "Okay" on our game compatibility list.)</p>
  </description>
  <launchable type="desktop-id">org.citra_emu.citra.desktop</launchable>
  <provides>
    <binary>citra-qt</binary>
    <id>citra-qt.desktop</id>
  </provides>
  <url type="homepage">https://citra-emu.org/</url>
  <url type="translate">https://www.transifex.com/citra/citra/</url>
  <url type="donation">https://citra-emu.org/donate/</url>
  <url type="bugtracker">https://github.com/citra-emu/citra/issues</url>
  <url type="faq">https://citra-emu.org/wiki/faq/</url>
  <url type="help">https://citra-emu.org/wiki/home/</url>
  <url type="contact">https://community.citra-emu.org/</url>
  <url type="contribute">https://github.com/citra-emu/citra/wiki/Contributing#contributing</url>
  <screenshots>
    <screenshot type="default"><image>https://raw.githubusercontent.com/citra-emu/citra-web/master/images/screenshots/01-Super%20Mario%203D%20Land.jpg</image></screenshot>
    <screenshot><image>https://raw.githubusercontent.com/citra-emu/citra-web/master/images/screenshots/02-Mario%20Kart%207.jpg</image></screenshot>
    <screenshot><image>https://raw.githubusercontent.com/citra-emu/citra-web/master/images/screenshots/28-The%20Legend%20of%20Zelda%20Ocarina%20of%20Time%203D.jpg</image></screenshot>
    <screenshot><image>https://raw.githubusercontent.com/citra-emu/citra-web/master/images/screenshots/35-Pok%C3%A9mon%20ORAS.png</image></screenshot>
  </screenshots>
  <releases>
    <release version="nightly-2104" date="2024-03-04"/>
    <release version="nightly-2103" date="2024-02-28"/>
    <release version="nightly-2102" date="2024-02-27"/>
    <release version="nightly-2101" date="2024-02-27"/>
    <release version="nightly-2099" date="2024-02-23"/>
    <release version="nightly-2098" date="2024-02-19"/>
    <release version="nightly-2097" date="2024-02-18"/>
    <release version="nightly-2096" date="2024-02-17"/>
    <release version="nightly-2095" date="2024-02-15"/>
    <release version="nightly-2094" date="2024-02-12"/>
    <release version="nightly-2093" date="2024-02-10"/>
    <release version="nightly-2092" date="2024-02-09"/>
    <release version="nightly-2091" date="2024-02-08"/>
    <release version="nightly-2090" date="2024-02-06"/>
    <release version="nightly-2089" date="2024-02-02"/>
    <release version="nightly-2088" date="2024-02-01"/>
    <release version="nightly-2087" date="2024-01-30"/>
    <release version="nightly-2086" date="2024-01-29"/>
    <release version="nightly-2085" date="2024-01-28"/>
    <release version="nightly-2084" date="2024-01-27"/>
    <release version="nightly-2083" date="2024-01-25"/>
    <release version="nightly-2082" date="2024-01-23"/>
    <release version="nightly-2081" date="2024-01-22"/>
    <release version="nightly-2080" date="2024-01-21"/>
    <release version="nightly-2079" date="2024-01-18"/>
    <release version="nightly-2078" date="2024-01-16"/>
    <release version="nightly-2077" date="2024-01-15"/>
    <release version="nightly-2076" date="2024-01-14"/>
    <release version="nightly-2073" date="2024-01-10"/>
    <release version="nightly-2072" date="2024-01-09"/>
    <release version="nightly-2071" date="2024-01-08"/>
    <release version="nightly-2070" date="2024-01-07"/>
    <release version="nightly-2069" date="2024-01-06"/>
    <release version="nightly-2068" date="2024-01-05"/>
    <release version="nightly-2067" date="2024-01-03"/>
    <release version="nightly-2066" date="2024-01-02"/>
    <release version="nightly-2065" date="2024-01-01"/>
    <release version="nightly-2064" date="2023-12-31"/>
    <release version="nightly-2063" date="2023-12-29"/>
    <release version="nightly-2062" date="2023-12-27"/>
    <release version="nightly-2061" date="2023-12-26"/>
    <release version="nightly-2060" date="2023-12-24"/>
    <release version="nightly-2059" date="2023-12-23"/>
    <release version="nightly-2058" date="2023-12-22"/>
    <release version="nightly-2057" date="2023-12-21"/>
    <release version="nightly-2056" date="2023-12-20"/>
    <release version="nightly-2055" date="2023-12-19"/>
    <release version="nightly-2054" date="2023-12-18"/>
    <release version="nightly-2053" date="2023-12-15"/>
    <release version="nightly-2052" date="2023-12-13"/>
    <release version="nightly-2051" date="2023-12-09"/>
    <release version="nightly-2050" date="2023-12-05"/>
    <release version="nightly-2049" date="2023-12-04"/>
    <release version="nightly-2047" date="2023-11-30"/>
    <release version="nightly-2046" date="2023-11-29"/>
    <release version="nightly-2045" date="2023-11-27"/>
    <release version="nightly-2044" date="2023-11-26"/>
    <release version="nightly-2043" date="2023-11-24"/>
    <release version="nightly-2042" date="2023-11-23"/>
    <release version="nightly-2041" date="2023-11-22"/>
    <release version="nightly-2040" date="2023-11-21"/>
    <release version="nightly-2039" date="2023-11-20"/>
    <release version="nightly-2038" date="2023-11-19"/>
    <release version="nightly-2037" date="2023-11-18"/>
    <release version="nightly-2036" date="2023-11-17"/>
    <release version="nightly-2035" date="2023-11-15"/>
    <release version="nightly-2033" date="2023-11-13"/>
    <release version="nightly-2032" date="2023-11-12"/>
    <release version="nightly-2031" date="2023-11-11"/>
    <release version="nightly-2030" date="2023-11-10"/>
    <release version="nightly-2029" date="2023-11-09"/>
    <release version="nightly-2028" date="2023-11-08"/>
    <release version="nightly-2027" date="2023-11-07"/>
    <release version="nightly-2026" date="2023-11-06"/>
    <release version="nightly-2025" date="2023-11-05"/>
    <release version="nightly-2024" date="2023-11-04"/>
    <release version="nightly-2022" date="2023-11-02"/>
    <release version="nightly-2021" date="2023-11-01"/>
    <release version="nightly-2020" date="2023-10-26"/>
    <release version="nightly-2018" date="2023-10-24"/>
    <release version="nightly-2016" date="2023-10-22"/>
    <release version="nightly-2015" date="2023-10-21"/>
    <release version="nightly-2014" date="2023-10-20"/>
    <release version="nightly-2013" date="2023-10-19"/>
    <release version="nightly-2012" date="2023-10-18"/>
    <release version="nightly-2011" date="2023-10-16"/>
    <release version="nightly-2010" date="2023-10-14"/>
    <release version="nightly-2009" date="2023-10-12"/>
    <release version="nightly-2008" date="2023-10-11"/>
    <release version="nightly-2007" date="2023-10-10"/>
    <release version="nightly-2006" date="2023-10-08"/>
    <release version="nightly-2005" date="2023-10-06"/>
    <release version="nightly-2004" date="2023-10-05"/>
    <release version="nightly-2003" date="2023-10-04"/>
    <release version="nightly-2002" date="2023-10-03"/>
    <release version="nightly-2001" date="2023-10-02"/>
    <release version="nightly-2000" date="2023-10-01"/>
    <release version="nightly-1999" date="2023-09-30"/>
    <release version="nightly-1998" date="2023-09-29"/>
    <release version="nightly-1997" date="2023-09-28"/>
    <release version="nightly-1996" date="2023-09-24"/>
    <release version="nightly-1995" date="2023-09-23"/>
    <release version="nightly-1994" date="2023-09-20"/>
    <release version="nightly-1993" date="2023-09-18"/>
    <release version="nightly-1992" date="2023-09-17"/>
    <release version="nightly-1991" date="2023-09-16"/>
    <release version="nightly-1990" date="2023-09-15"/>
    <release version="nightly-1989" date="2023-09-13"/>
    <release version="nightly-1988" date="2023-09-12"/>
    <release version="nightly-1987" date="2023-09-11"/>
    <release version="nightly-1986" date="2023-09-08"/>
    <release version="nightly-1985" date="2023-09-06"/>
    <release version="nightly-1984" date="2023-09-02"/>
    <release version="nightly-1983" date="2023-09-01"/>
    <release version="nightly-1982" date="2023-08-31"/>
    <release version="nightly-1981" date="2023-08-29"/>
    <release version="nightly-1980" date="2023-08-28"/>
    <release version="nightly-1979" date="2023-08-27"/>
    <release version="nightly-1978" date="2023-08-25"/>
    <release version="nightly-1977" date="2023-08-23"/>
    <release version="nightly-1976" date="2023-08-22"/>
    <release version="nightly-1975" date="2023-08-21"/>
    <release version="nightly-1973" date="2023-08-20"/>
    <release version="nightly-1970" date="2023-08-15"/>
    <release version="nightly-1969" date="2023-08-14"/>
    <release version="nightly-1968" date="2023-08-12"/>
    <release version="nightly-1967" date="2023-08-11"/>
    <release version="nightly-1966" date="2023-08-09"/>
    <release version="nightly-1964" date="2023-08-07"/>
    <release version="nightly-1963" date="2023-08-07"/>
    <release version="nightly-1962" date="2023-08-05"/>
    <release version="nightly-1961" date="2023-08-03"/>
    <release version="nightly-1940" date="2023-07-06"/>
    <release version="nightly-1938" date="2023-07-03"/>
    <release version="nightly-1937" date="2023-07-01"/>
    <release version="nightly-1936" date="2023-06-30"/>
    <release version="nightly-1935" date="2023-06-29"/>
    <release version="nightly-1933" date="2023-06-28"/>
    <release version="nightly-1932" date="2023-06-27"/>
    <release version="nightly-1931" date="2023-06-26"/>
    <release version="nightly-1930" date="2023-06-24"/>
    <release version="nightly-1929" date="2023-06-21"/>
    <release version="nightly-1919" date="2023-06-06"/>
    <release version="nightly-1918" date="2023-06-04"/>
    <release version="nightly-1913" date="2023-05-26"/>
    <release version="nightly-1912" date="2023-05-24"/>
    <release version="nightly-1911" date="2023-05-23"/>
    <release version="nightly-1910" date="2023-05-20"/>
    <release version="nightly-1909" date="2023-05-19"/>
    <release version="nightly-1908" date="2023-05-19"/>
    <release version="nightly-1907" date="2023-05-17"/>
    <release version="nightly-1906" date="2023-05-16"/>
    <release version="nightly-1905" date="2023-05-16"/>
    <release version="nightly-1904" date="2023-05-12"/>
    <release version="nightly-1898" date="2023-05-05"/>
    <release version="nightly-1897" date="2023-05-04"/>
    <release version="nightly-1896" date="2023-05-02"/>
    <release version="nightly-1895" date="2023-05-01"/>
    <release version="nightly-1877" date="2023-04-06"/>
    <release version="nightly-1876" date="2023-04-05"/>
    <release version="nightly-1875" date="2023-04-04"/>
    <release version="nightly-1874" date="2023-04-03"/>
    <release version="nightly-1873" date="2023-04-02"/>
    <release version="nightly-1872" date="2023-03-31"/>
    <release version="nightly-1871" date="2023-03-30"/>
    <release version="nightly-1870" date="2023-03-30"/>
    <release version="nightly-1869" date="2023-03-30"/>
    <release version="nightly-1868" date="2023-03-28"/>
    <release version="nightly-1867" date="2023-03-28"/>
    <release version="nightly-1866" date="2023-03-27"/>
    <release version="nightly-1865" date="2023-03-26"/>
    <release version="nightly-1864" date="2023-03-25"/>
    <release version="nightly-1863" date="2023-03-24"/>
    <release version="nightly-1862" date="2023-03-24"/>
    <release version="nightly-1861" date="2023-03-23"/>
    <release version="nightly-1860" date="2023-03-22"/>
    <release version="nightly-1859" date="2023-03-18"/>
    <release version="nightly-1858" date="2023-03-17"/>
    <release version="nightly-1857" date="2023-03-17"/>
    <release version="nightly-1856" date="2023-03-16"/>
    <release version="nightly-1855" date="2023-03-14"/>
    <release version="nightly-1854" date="2023-03-13"/>
    <release version="nightly-1853" date="2023-03-10"/>
    <release version="nightly-1852" date="2023-03-09"/>
    <release version="nightly-1851" date="2023-03-08"/>
    <release version="nightly-1850" date="2023-03-04"/>
    <release version="nightly-1849" date="2023-03-02"/>
    <release version="nightly-1848" date="2023-03-01"/>
    <release version="nightly-1847" date="2023-02-26"/>
    <release version="nightly-1846" date="2023-02-19"/>
    <release version="nightly-1845" date="2023-02-18"/>
    <release version="nightly-1844" date="2023-02-18"/>
    <release version="nightly-1843" date="2023-02-17"/>
    <release version="nightly-1842" date="2023-02-16"/>
    <release version="nightly-1841" date="2023-02-15"/>
    <release version="nightly-1840" date="2023-02-14"/>
    <release version="nightly-1839" date="2023-02-13"/>
    <release version="nightly-1838" date="2023-02-12"/>
    <release version="nightly-1837" date="2023-02-11"/>
    <release version="nightly-1836" date="2023-02-10"/>
    <release version="nightly-1835" date="2023-02-05"/>
    <release version="nightly-1834" date="2023-02-04"/>
    <release version="nightly-1833" date="2023-02-03"/>
    <release version="nightly-1827" date="2023-01-10"/>
    <release version="nightly-1826" date="2023-01-08"/>
    <release version="nightly-1825" date="2023-01-04"/>
    <release version="nightly-1824" date="2023-01-02"/>
    <release version="nightly-1823" date="2022-12-25"/>
    <release version="nightly-1821" date="2022-12-15"/>
    <release version="nightly-1820" date="2022-12-13"/>
    <release version="nightly-1819" date="2022-12-12"/>
    <release version="nightly-1818" date="2022-12-09"/>
    <release version="nightly-1817" date="2022-12-07"/>
    <release version="nightly-1816" date="2022-11-25"/>
    <release version="nightly-1813" date="2022-11-20"/>
    <release version="nightly-1812" date="2022-11-18"/>
    <release version="nightly-1811" date="2022-11-17"/>
    <release version="nightly-1810" date="2022-11-16"/>
    <release version="nightly-1809" date="2022-11-14"/>
    <release version="nightly-1808" date="2022-11-13"/>
    <release version="nightly-1807" date="2022-11-10"/>
    <release version="nightly-1806" date="2022-11-08"/>
    <release version="nightly-1805" date="2022-11-07"/>
    <release version="nightly-1804" date="2022-11-06"/>
    <release version="nightly-1803" date="2022-11-05"/>
    <release version="nightly-1802" date="2022-10-29"/>
    <release version="nightly-1801" date="2022-10-28"/>
    <release version="nightly-1800" date="2022-10-24"/>
    <release version="nightly-1799" date="2022-10-23"/>
    <release version="nightly-1798" date="2022-10-21"/>
    <release version="nightly-1797" date="2022-10-17"/>
    <release version="nightly-1796" date="2022-10-16"/>
    <release version="nightly-1788" date="2022-09-28"/>
    <release version="nightly-1785" date="2022-09-12"/>
    <release version="nightly-1775" date="2022-07-24"/>
    <release version="nightly-1772" date="2022-07-05"/>
    <release version="nightly-1770" date="2022-06-15"/>
    <release version="nightly-1769" date="2022-06-11"/>
    <release version="nightly-1767" date="2022-06-04"/>
    <release version="nightly-1766" date="2022-05-24"/>
    <release version="nightly-1763" date="2022-05-04"/>
    <release version="nightly-1762" date="2022-04-25"/>
    <release version="nightly-1760" date="2022-04-17"/>
    <release version="nightly-1759" date="2022-04-08"/>
    <release version="nightly-1757" date="2022-03-10"/>
    <release version="nightly-1756" date="2022-02-25"/>
    <release version="nightly-1755" date="2022-02-22"/>
    <release version="nightly-1753" date="2022-02-13"/>
    <release version="nightly-1751" date="2022-02-05"/>
    <release version="nightly-1748" date="2022-01-25"/>
    <release version="nightly-1747" date="2022-01-20"/>
    <release version="nightly-1745" date="2022-01-15"/>
    <release version="nightly-1743" date="2022-01-13"/>
    <release version="nightly-1742" date="2022-01-12"/>
    <release version="nightly-1741" date="2022-01-09"/>
    <release version="nightly-1740" date="2022-01-08"/>
    <release version="nightly-1739" date="2022-01-07"/>
    <release version="nightly-1737" date="2021-12-13"/>
    <release version="nightly-1734" date="2021-11-21"/>
    <release version="nightly-1733" date="2021-11-07"/>
    <release version="nightly-1732" date="2021-11-03"/>
    <release version="nightly-1728" date="2021-10-16"/>
    <release version="nightly-1727" date="2021-10-11"/>
    <release version="nightly-1724" date="2021-09-22"/>
    <release version="nightly-1720" date="2021-08-05"/>
    <release version="nightly-1715" date="2021-07-06"/>
    <release version="nightly-1714" date="2021-06-24"/>
    <release version="nightly-1712" date="2021-06-22"/>
    <release version="nightly-1711" date="2021-05-17"/>
    <release version="nightly-1708" date="2021-05-13"/>
    <release version="nightly-1707" date="2021-05-11"/>
    <release version="nightly-1705" date="2021-04-30"/>
    <release version="nightly-1703" date="2021-04-24"/>
    <release version="nightly-1697" date="2021-04-03"/>
    <release version="nightly-1696" date="2021-03-06"/>
    <release date="2021-02-21" version="nightly-1695"/>
  </releases>
  <categories>
    <category>Game</category>
    <category>Emulator</category>
  </categories>
  <developer_name>Citra Emulator Team</developer_name>
</component>
